question,sentence_no,clause,verdict,bm25,coverage,number_mismatch,doc_id,title,unsupported_terms
Does vitamin D supplementation reduce the risk of cancer?,1,Large randomized trials and meta‑analyses suggest that vitamin D supplementation modestly lowers cancer mortality.,UNVERIFIED,31.869,0.478,False,12009265,Vitamins E and C in the prevention of prostate and total cancer in men: the Physicians' Health Study II randomized controlled trial.,modestli d meta analys mortal
Does vitamin D supplementation reduce the risk of cancer?,1,does not consistently reduce overall cancer incidence.,UNVERIFIED,12.027,0.638,False,24211561,Dexamethasone decreases vomiting by children after tonsillectomy.,consist cancer
Does vitamin D supplementation reduce the risk of cancer?,2,In the VITAL trial the hazard ratio for death from cancer was 0.88 compared with placebo.,HALLUCINATED,25.806,0.584,True,26341063,Effect of enalapril on 12-year survival and life expectancy in patients with left ventricular systolic dysfunction: a follow-up study.,0.88 vital cancer
Does vitamin D supplementation reduce the risk of cancer?,2,the incidence of new cancers was unchanged.,UNVERIFIED,11.354,0.573,False,52188256,Global cancer statistics 2018: GLOBOCAN estimates of incidence and mortality worldwide for 36 cancers in 185 countries.,unchang
Does vitamin D supplementation reduce the risk of cancer?,3,A 2019 meta‑analysis of 25 primary‑prevention RCTs reported a relative risk of 0.96 for total cancer incidence and 0.84 for cancer mortality.,UNVERIFIED,35.217,0.456,False,25589047,Treatment-related mortality with bevacizumab in cancer patients: a meta-analysis.,2019 0.84 0.96 25 primari
Does vitamin D supplementation reduce the risk of cancer?,4,Observational studies have shown inverse associations between serum 25‑hydroxy‑vitamin D levels and certain cancers.,SUPPORTED,33.739,0.572,False,13069283,Influence of CYP2D6 Polymorphisms on Serum Levels of Tamoxifen Metabolites in Spanish Women with Breast Cancer,certain vitamin d shown observ
Does vitamin D supplementation reduce the risk of cancer?,4,"the trial data indicate that supplementation alone yields only a small, if any, protective effect, primarily on fatal outcomes rather than on preventing disease onset.",HALLUCINATED,23.49,0.302,False,6945285,Bezafibrate in men with lower extremity arterial disease: randomised controlled trial.,primarili yield supplement rather onset
How does obesity affect the risk of type 2 diabetes?,1,"Obesity is one of the strongest modifiable risk factors for type 2 diabetes, with most large cohort studies showing that people with a body‑mass index (BMI) ≥30 kg/m² are 3–7 times more likely to develop the disease than those with a normal BMI.",UNVERIFIED,52.499,0.434,False,29947146,Intestinal methane production in obese individuals is associated with a higher body mass index.,strongest peopl modifi 7 cohort
How does obesity affect the risk of type 2 diabetes?,2,A meta‑analysis of 21 prospective studies found that each 5‑unit increase in BMI raises diabetes risk by about 30 % and that a 10‑cm rise in waist circumference adds roughly a 20 % risk increment.,HALLUCINATED,35.474,0.347,False,13831842,"Pooled analysis of prospective cohort studies on height, weight, and breast cancer risk.",roughli waist add circumfer rais
How does obesity affect the risk of type 2 diabetes?,3,"The Nurses’ Health Study reported a 62 % incidence of diabetes among obese women over 20 years, compared with 7 % in women of normal weight.",HALLUCINATED,40.077,0.585,True,32534305,Type 2 diabetes and subsequent incidence of breast cancer in the Nurses' Health Study.,62 20 weight 7 normal
How does obesity affect the risk of type 2 diabetes?,4,"Mechanistically, excess adipose tissue promotes insulin resistance through chronic inflammation, elevated free fatty acids, altered adipokine secretion.",SUPPORTED,51.119,0.655,False,5268462,"Obesity and Its Metabolic Complications: The Role of Adipokines and the Relationship between Obesity, Inflammation, Insulin Resistance, Dyslipidemia and Nonalcoholic Fatty Liver Disease",mechanist free elev alter acid
How does obesity affect the risk of type 2 diabetes?,5,"Importantly, modest weight loss can reverse much of this risk.",UNVERIFIED,13.643,0.448,False,17088791,Common BRCA1 variants and susceptibility to breast and ovarian cancer in the general population.,importantli revers weight loss
How does obesity affect the risk of type 2 diabetes?,5,"a 5 % reduction in body weight lowers incident diabetes by about 58 % in high‑risk adults, as demonstrated in the Diabetes Prevention Program.",UNVERIFIED,32.792,0.456,False,8708082,The prevention of type 2 diabetes,58 program reduct bodi lower
What is the role of BRCA1 mutations in breast cancer?,1,"BRCA1 mutations dramatically increase breast‑cancer risk by impairing homologous‑recombination DNA repair, leading to genomic instability.",UNVERIFIED,31.072,0.487,False,21793890,BCR/ABL modifies the kinetics and fidelity of DNA double-strand breaks repair in hematopoietic cells.,brca1 dramat impair breast lead
What is the role of BRCA1 mutations in breast cancer?,2,"Women who carry a pathogenic BRCA1 variant have a 55‑65 % lifetime risk of developing breast cancer, compared with about 12 % in the general population.",UNVERIFIED,33.469,0.452,False,9394119,Association of type and location of BRCA1 and BRCA2 mutations with risk of breast and ovarian cancer.,lifetim 65 pathogen variant 12
What is the role of BRCA1 mutations in breast cancer?,2,the disease often appears before age 40.,UNVERIFIED,13.282,0.743,False,7042304,The threshold for polyglutamine-expansion protein aggregation and cellular toxicity is dynamic and influenced by aging in Caenorhabditis elegans.,often
What is the role of BRCA1 mutations in breast cancer?,3,"Tumors in BRCA1 carriers are disproportionately triple‑negative, accounting for roughly 70 % of their cancers in large cohort studies such as the 2014 CIMBA analysis of 12,000 carriers.",HALLUCINATED,51.544,0.322,False,3285322,Clinical and pathologic characteristics of patients with BRCA-positive and BRCA-negative breast cancer.,12000 cimba disproportion roughli 2014
What is the role of BRCA1 mutations in breast cancer?,4,The same defect makes these cancers highly sensitive to PARP inhibitors.,SUPPORTED,14.75,0.575,False,21521236,p53 induces formation of NEAT1 lncRNA-containing paraspeckles that modulate replication stress response and chemosensitivity,make defect highli
What is the role of BRCA1 mutations in breast cancer?,4,the OlympiAD trial showed a 31 % reduction in progression‑free survival for olaparib versus standard chemotherapy in BRCA‑mutated metastatic cases.,UNVERIFIED,25.602,0.368,False,15476777,"Chemotherapy options in elderly and frail patients with metastatic colorectal cancer (MRC FOCUS2): an open-label, randomised factorial trial",olympiad olaparib brca 31 versu
What is the role of BRCA1 mutations in breast cancer?,5,"Consequently, BRCA1 status guides both risk‑reduction strategies (e.g., prophylactic mastectomy, intensified screening) and targeted therapy choices.",UNVERIFIED,25.966,0.301,False,33118292,Optimal therapy for reduction of lipoprotein(a).,mastectomi intensifi prophylact brca1 choic
Does aspirin prevent cardiovascular disease?,1,"Low‑dose aspirin reliably reduces recurrent cardiovascular events in people who have already had a myocardial infarction or stroke, cutting the relative risk of non‑fatal MI by about 10–15 % and cardiovascular death by roughly 8 % in secondary‑prevention trials such as the Antithrombotic Trialists’ Collaboration meta‑analysis.",UNVERIFIED,43.39,0.247,False,25451374,"Cardiovascular risk and events in 17 low-, middle-, and high-income countries.",trialist antithrombot roughli aspirin cut
Does aspirin prevent cardiovascular disease?,2,In primary‑prevention populations the benefit is far smaller.,UNVERIFIED,18.682,0.54,False,7454794,Statins in the primary prevention of cardiovascular disease,smaller far
Does aspirin prevent cardiovascular disease?,2,the ASPREE trial in adults ≥70 years showed no reduction in cardiovascular events.,UNVERIFIED,18.058,0.488,False,40790033,Renal outcomes with different fixed-dose combination therapies in patients with hypertension at high risk for cardiovascular events (ACCOMPLISH): a prespecified secondary analysis of a randomised controlled trial.,aspre reduct adult show
Does aspirin prevent cardiovascular disease?,2,a 0.7 % absolute increase in major hemorrhage over a median 4.7 years.,UNVERIFIED,13.639,0.487,False,3552753,Defining community acquired pneumonia severity on presentation to hospital: an international derivation and validation study.,hemorrhag absolut median major
Does aspirin prevent cardiovascular disease?,3,"The ARRIVE (average risk) and ASCEND (diabetes) trials similarly found only a 0.3–0.5 % absolute reduction in major cardiovascular events, offset by a 0.3–0.4 % rise in gastrointestinal or intracranial bleeding.",UNVERIFIED,27.943,0.242,False,23783727,Ticagrelor vs. clopidogrel in patients with acute coronary syndromes and diabetes: a substudy from the PLATelet inhibition and patient Outcomes (PLATO) trial,offset ascend arriv intracrani 0.3
Does aspirin prevent cardiovascular disease?,4,"Consequently, current guidelines recommend low‑dose aspirin for secondary prevention.",UNVERIFIED,23.91,0.499,False,409280,National study of physician awareness and adherence to cardiovascular disease prevention guidelines.,secondari consequ dose current low
Does aspirin prevent cardiovascular disease?,4,reserve primary‑prevention use for selected high‑risk patients without elevated bleeding risk.,UNVERIFIED,22.294,0.462,False,44827480,Implementation of contemporary oral antiplatelet treatment guidelines in patients with acute coronary syndrome undergoing percutaneous coronary intervention: a report from the GReek AntiPlatelet rEgistry (GRAPE).,reserv without primari prevent high
How does smoking affect lung cancer risk?,1,"Smoking is the dominant cause of lung cancer, accounting for about 85 % of all cases worldwide.",SUPPORTED,28.613,0.593,False,26067999,Screening for Lung Cancer: U.S. Preventive Services Task Force Recommendation Statement,worldwid domin account
How does smoking affect lung cancer risk?,2,Epidemiological studies such as the U.S.,UNVERIFIED,12.722,0.675,False,74701974,The Women's Interagency HIV Study,epidemiolog
How does smoking affect lung cancer risk?,3,"Surgeon General report and the British Doctors’ Study show that smokers have a 20‑ to 30‑fold higher risk of developing lung cancer than never‑smokers, with risk rising sharply after 20 pack‑years and exceeding 30‑fold after 40 pack‑years.",HALLUCINATED,51.192,0.274,False,26067999,Screening for Lung Cancer: U.S. Preventive Services Task Force Recommendation Statement,surgeon sharpli exceed doctor never
How does smoking affect lung cancer risk?,4,"The risk is dose‑dependent, each additional pack per day adds roughly 6 % to the relative risk.",HALLUCINATED,22.3,0.288,False,14700857,Risk of cancer after low doses of ionising radiation: retrospective cohort study in 15 countries.,pack roughli add day 6
How does smoking affect lung cancer risk?,4,"former smokers retain about half the excess risk after 10 years of abstinence, with the risk approaching that of never‑smokers only after 20–30 years of cessation.",UNVERIFIED,41.24,0.357,False,17124832,Association between smoking and risk of bladder cancer among men and women.,abstin cessat retain half excess
How does smoking affect lung cancer risk?,5,"Moreover, secondhand smoke increases lung‑cancer risk by 20‑30 % in non‑smokers, underscoring the carcinogenic potency of tobacco smoke constituents such as polycyclic aromatic hydrocarbons and nitrosamines.",HALLUCINATED,40.23,0.263,False,26067999,Screening for Lung Cancer: U.S. Preventive Services Task Force Recommendation Statement,secondhand nitrosamin polycycl hydrocarbon aromat
What causes antibiotic resistance in bacteria?,1,"Antibiotic resistance arises when bacteria acquire genetic changes—either spontaneous mutations or resistance genes transferred by plasmids, transposons, or bacteriophages—that enable them to survive drug exposure.",HALLUCINATED,32.522,0.312,False,11336632,CRISPR Interference Limits Horizontal Gene Transfer in Staphylococci by Targeting DNA,bacteriophag transposon aris spontan acquir
What causes antibiotic resistance in bacteria?,2,"The selective pressure of widespread antibiotic use in human medicine, livestock.",UNVERIFIED,16.703,0.394,False,31460499,Resistance to antimicrobials in humans and animals.,livestock widespread pressur select
What causes antibiotic resistance in bacteria?,2,inappropriate prescribing creates environments where resistant strains outcompete susceptible ones.,HALLUCINATED,21.542,0.324,False,15983982,Why do general practitioners prescribe antibiotics for upper respiratory tract infections to meet patient expectations: a mixed methods study,outcompet creat environ strain suscept
What causes antibiotic resistance in bacteria?,3,"A 2019 CDC report estimated that 2.8 million people in the United States acquire antibiotic‑resistant infections annually, resulting in at least 35 000 deaths.",HALLUCINATED,35.769,0.316,False,36497180,Drug-resistant Salmonella in the United States: an epidemiologic perspective.,35000 2019 cdc 2.8 antibiot
What causes antibiotic resistance in bacteria?,3,a European Centre for Disease Prevention and Control study linked a 15 % rise in multidrug‑resistant Gram‑negative infections to increased outpatient antibiotic consumption.,UNVERIFIED,32.098,0.419,False,2211868,"Epidemiological expansion, structural studies, and clinical challenges of new β-lactamases from gram-negative bacteria.",outpati european centr antibiot rise
What causes antibiotic resistance in bacteria?,4,Poor patient adherence to full treatment courses further amplifies resistance by allowing partially suppressed bacteria to evolve survival mechanisms.,UNVERIFIED,20.659,0.286,False,35087728,Measuring adherence to highly active antiretroviral therapy: implications for research and practice.,amplifi evolv full bacteria poor
What causes antibiotic resistance in bacteria?,5,"Together, these factors drive the rapid global spread of resistant pathogens, as documented in the WHO’s 2021 Global Antimicrobial Resistance Surveillance System.",HALLUCINATED,23.791,0.288,False,11026600,Unifying Viral Genetics and Human Transportation Data to Predict the Global Transmission Dynamics of Human Influenza H3N2,2021 antimicrobi document surveil rapid
What causes antibiotic resistance in bacteria?,5,found resistance rates exceeding 50 % for several common pathogens in many regions.,UNVERIFIED,16.871,0.351,False,7970974,Global Assessment of Genomic Regions Required for Growth in Mycobacterium tuberculosis,exceed 50 common mani resist
Is moderate alcohol consumption good for heart health?,1,"Moderate alcohol intake—typically defined as up to one standard drink per day for women and up to two for men—has been linked in some cohort studies to a 10–20 % lower risk of coronary heart disease, with a 2018 JAMA analysis reporting a 14 % reduction in myocardial infarction for those drinking about 0.5 drinks daily compared with abstainers.",UNVERIFIED,70.256,0.355,False,20526907,How much alcohol and how often? Population based case-control study of alcohol consumption and risk of a major coronary event.,jama abstain 2018 0.5 typic
Is moderate alcohol consumption good for heart health?,2,"However, more recent meta‑analyses that adjust for former‑drinker bias and socioeconomic factors find that the apparent cardioprotective effect disappears.",HALLUCINATED,26.825,0.306,False,39652608,Trim and fill: A simple funnel-plot-based method of testing and adjusting for publication bias in meta-analysis.,drinker cardioprotect disappear socioeconom former
Is moderate alcohol consumption good for heart health?,2,any level of alcohol is associated with a modest increase in overall cardiovascular mortality.,SUPPORTED,20.396,0.583,False,52072815,"Alcohol use and burden for 195 countries and territories, 1990–2016: a systematic analysis for the Global Burden of Disease Study 2016",modest cardiovascular associ
Is moderate alcohol consumption good for heart health?,3,Even low‑level consumption raises the risk of atrial fibrillation by roughly 8 % per drink per day and contributes to higher blood pressure and stroke risk.,HALLUCINATED,36.18,0.302,False,9822397,"Sugar-sweetened beverages, weight gain, and incidence of type 2 diabetes in young and middle-aged women.",roughli fibril atrial rais stroke
Is moderate alcohol consumption good for heart health?,4,"The World Health Organization’s 2021 Global Burden of Disease report estimates that alcohol accounts for 2.8 % of all deaths worldwide, with no safe threshold identified for cancer risk.",UNVERIFIED,38.85,0.394,False,52072815,"Alcohol use and burden for 195 countries and territories, 1990–2016: a systematic analysis for the Global Burden of Disease Study 2016",2021 2.8 safe worldwid threshold
Is moderate alcohol consumption good for heart health?,5,"Consequently, some observational data suggest a slight coronary benefit, the totality of evidence does not support recommending alcohol for heart health.",HALLUCINATED,20.278,0.324,False,21557614,Pleiotropic effects of statins.,slight alcohol recommend consequ support
How do statins affect cholesterol and mortality?,1,"Statins lower low‑density lipoprotein cholesterol (LDL‑C) by roughly 20 % to 50 % depending on dose, with each 1 mmol/L reduction translating into about a 20 % relative drop in major vascular events.",UNVERIFIED,50.487,0.395,False,30981192,How to control residual cardiovascular risk despite statin treatment: focusing on HDL-cholesterol.,roughli drop mmol translat 50
How do statins affect cholesterol and mortality?,2,"In the Scandinavian Simvastatin Survival Study, simvastatin cut coronary‑heart‑disease mortality by 30 % and total mortality by 15 % over a median 5‑year follow‑up in patients with established disease.",HALLUCINATED,32.487,0.316,False,7640792,Sex differences in mortality following acute coronary syndromes.,scandinavian simvastatin cut median heart
How do statins affect cholesterol and mortality?,3,"The Heart Protection Study, enrolled over 20 000 high‑risk participants, showed a 13 % relative reduction in major vascular events and a 7 % reduction in all‑cause death with simvastatin 40 mg.",HALLUCINATED,25.681,0.302,False,21571708,"Lipoprotein(a) concentration and the risk of coronary heart disease, stroke, and nonvascular mortality.",20000 simvastatin enrol 40 mg
How do statins affect cholesterol and mortality?,4,"In primary‑prevention cohorts, the JUPITER trial found rosuvastatin 20 mg reduced all‑cause mortality by 20 % among individuals with elevated C‑reactive protein, normal LDL‑C.",UNVERIFIED,38.788,0.412,False,21048969,"Evaluation of the association between the first observation and the longitudinal change in C-reactive protein, and all-cause mortality.",jupit rosuvastatin ldl 20 cohort
How do statins affect cholesterol and mortality?,5,Meta‑analyses of >170 000 participants confirm that statin therapy yields an absolute mortality benefit of roughly 1–2 deaths per 1 000 person‑years in secondary prevention and about 0.5 per 1 000 person‑years in primary prevention.,HALLUCINATED,54.029,0.291,False,12709184,Vegetarian dietary patterns and mortality in Adventist Health Study 2.,170000 roughli statin absolut 0.5
What is the link between gut microbiota and obesity?,1,"Research shows that obese people typically have a higher Firmicutes‑to‑Bacteroidetes ratio—about a 20 % increase in Firmicutes relative to lean controls—and lower overall microbial diversity, a pattern confirmed in a 2020 meta‑analysis of over 1,200 subjects.",UNVERIFIED,35.308,0.254,False,52805891,Gut Microbiota Is a Key Modulator of Insulin Resistance in TLR 2 Knockout Mice,1200 2020 lean microbi typic
What is the link between gut microbiota and obesity?,2,"In germ‑free mice, fecal transplants from obese donors caused a 30 % greater weight gain than transplants from lean donors, demonstrating that the microbiota can directly influence energy harvest.",HALLUCINATED,36.454,0.178,False,33684572,Transmission of atherosclerosis susceptibility with gut microbial transplantation.,fecal harvest lean germ gain
What is the link between gut microbiota and obesity?,3,"Metabolically, the altered community produces more short‑chain fatty acids, especially acetate and propionate.",UNVERIFIED,31.181,0.539,False,20148808,Microbiome-driven allergic lung inflammation is ameliorated by short-chain fatty acids,propion acet especi produc
What is the link between gut microbiota and obesity?,3,can increase caloric extraction by up to 10 % and stimulate lipogenesis via hepatic receptors.,UNVERIFIED,20.378,0.488,False,4680262,"Mulberry leaves (Morus alba L.) ameliorate obesity-induced hepatic lipogenesis, fibrosis, and oxidative stress in high-fat diet-fed mice",calor via stimul 10 receptor
What is the link between gut microbiota and obesity?,4,Low abundance of the mucin‑degrading bacterium Akkermansia muciniphila correlates with higher BMI.,UNVERIFIED,18.522,0.254,False,24205118,Clinicopathological and prognostic significance of Bmi-1 expression in human cervical cancer.,akkermansia muciniphila mucin bacterium abund
What is the link between gut microbiota and obesity?,4,a 2021 randomized trial showed that daily supplementation of A. muciniphila for 12 weeks reduced body weight by ~2 % and improved insulin sensitivity.,UNVERIFIED,26.412,0.43,False,71341302,Vegetarian vs. conventional diabetic diet – A 1-year follow-up,2021 muciniphila supplement daili week
What is the link between gut microbiota and obesity?,5,"These findings link gut microbiota composition and function to obesity through enhanced energy extraction, altered host metabolism, inflammation.",UNVERIFIED,35.233,0.511,False,41120293,The Intestinal Immune System in Obesity and Insulin Resistance.,composit extract energi host link
Does physical exercise reduce the risk of dementia?,1,"Yes, regular physical exercise is associated with a lower risk of dementia.",UNVERIFIED,21.467,0.495,False,21274919,"The association between common physical impairments and dementia in low and middle income countries, and, among people with dementia, their association with cognitive function and disability. A 10/66 Dementia Research Group population-based study.",ye exercis lower risk
Does physical exercise reduce the risk of dementia?,2,A 2022 meta‑analysis of 31 prospective cohort studies found that people who engaged in moderate‑intensity aerobic activity for at least 150 minutes per week had a 30 % reduced incidence of all‑cause dementia compared with sedentary peers.,UNVERIFIED,39.345,0.33,False,6647414,Leisure time physical activity and mortality: a detailed pooled analysis of the dose-response relationship.,2022 sedentari peer dementia engag
Does physical exercise reduce the risk of dementia?,3,Randomized trials such as the Finnish FINGER study showed that a 12‑month multimodal intervention including 2‑3 weekly exercise sessions improved global cognition by 0.2 SD and slowed hippocampal atrophy by about 1.5 % relative to controls.,UNVERIFIED,35.386,0.294,False,15041758,Functional outcomes of multi-condition collaborative care and successful ageing: results of randomised trial,multimod finnish session atrophi weekli
Does physical exercise reduce the risk of dementia?,4,"Even modest activity, like brisk walking for 30 minutes daily, has been linked to a 19 % lower risk of Alzheimer’s disease in the UK Biobank cohort.",UNVERIFIED,22.584,0.189,False,24530130,Genome-wide association study identifies variants at CLU and CR1 associated with Alzheimer's disease,brisk biobank walk modest minut
Does physical exercise reduce the risk of dementia?,5,"The protective effect appears dose‑responsive, with each additional 10 MET‑hours per week of activity conferring roughly a 5 % risk reduction.",UNVERIFIED,23.957,0.507,False,6647414,Leisure time physical activity and mortality: a detailed pooled analysis of the dose-response relationship.,roughli met confer appear protect
How does HIV infect T cells?,1,"HIV infects CD4⁺ T cells by first attaching its envelope glycoprotein gp120 to the CD4 receptor, then engaging a coreceptor—usually CCR5 in early infection and CXCR4 later—allowing the gp41 fusion peptide to merge viral and cellular membranes.",UNVERIFIED,64.255,0.528,False,8883846,Antibody-Based HIV-1 Vaccines: Recent Developments and Future Directions,ccr5 merg cxcr4 attach engag
How does HIV infect T cells?,2,"Within minutes of entry, each virion releases two RNA genomes that are reverse‑transcribed into a single‑strand DNA by reverse transcriptase, a process that takes roughly 6–8 hours and requires about 10–100 virions to establish a productive infection.",HALLUCINATED,48.362,0.337,False,14376683,"Properties of Commelina yellow mottle virus's complete DNA sequence, genomic discontinuities and transcript suggest that it is a pararetrovirus.",roughli minut entri take hour
How does HIV infect T cells?,3,"The newly synthesized viral DNA is then imported into the nucleus and integrated into the host genome by integrase, typically within 24 hours of entry, creating a provirus that can drive continuous viral production.",HALLUCINATED,35.959,0.258,False,2638387,The cytidine deaminase CEM15 induces hypermutation in newly synthesized HIV-1 DNA,integras proviru typic nucleu creat
How does HIV infect T cells?,4,"In vivo, plasma viral loads peak at 10⁴–10⁷ copies ml⁻¹ during acute infection, corresponding to infection of roughly 1–2 % of circulating CD4⁺ T cells per day.",UNVERIFIED,47.195,0.436,False,42065070,High levels of viral replication contrast with only transient changes in CD4(+) and CD8(+) cell numbers during the early phase of experimental infection with simian immunodeficiency virus SIVmnd-1 in Mandrillus sphinx.,104 roughli 107 copi correspond
How does HIV infect T cells?,5,"Individuals homozygous for the CCR5Δ32 deletion are essentially resistant to CCR5‑tropic strains, confirming the essential role of this coreceptor in the early stages of T‑cell infection.",UNVERIFIED,35.668,0.364,False,8563659,Persistence of HIV-1 Receptor-Positive Cells after HSV-2 Reactivation: A Potential Mechanism for Increased HIV-1 Acquisition,coreceptor homozyg 32 delet confirm
What is the effect of sleep deprivation on the immune system?,1,"Sleep deprivation impairs both innate and adaptive immunity, reducing the activity of natural‑killer cells by up to 40 % after just one night of 4 h sleep and lowering cytokine production such as interleukin‑2 and interferon‑γ.",HALLUCINATED,35.268,0.336,False,2506153,Invariant natural killer T cells: bridging innate and adaptive immunity,night depriv sleep interferon 40
What is the effect of sleep deprivation on the immune system?,2,Chronic restriction to 5–6 h per night for two weeks decreases vaccine‑induced antibody titers by roughly 20 % compared with 8 h sleepers.,UNVERIFIED,27.53,0.274,False,116792,The mammalian target of rapamycin signaling pathway mediates epileptogenesis in a model of temporal lobe epilepsy.,sleeper roughli titer night vaccin
What is the effect of sleep deprivation on the immune system?,3,"Short‑term sleep loss also raises circulating C‑reactive protein and cortisol, creating a pro‑inflammatory state that can exacerbate infection risk.",HALLUCINATED,24.194,0.308,False,29564505,Inflammatory biomarkers and exacerbations in chronic obstructive pulmonary disease.,cortisol sleep rais creat pro
What is the effect of sleep deprivation on the immune system?,4,"In shift‑workers, epidemiologic data show a 1.3‑fold higher incidence of common colds and a 1.5‑fold increase in respiratory infections.",HALLUCINATED,22.757,0.323,False,30398773,Strong association between respiratory viral infection early after hematopoietic stem cell transplantation and the development of life-threatening acute and chronic alloimmune lung syndromes.,worker 1.3 1.5 shift epidemiolog
What is the effect of sleep deprivation on the immune system?,5,"Together, these findings demonstrate that inadequate sleep compromises immune surveillance and hampers the body’s ability to mount effective responses to pathogens.",UNVERIFIED,23.263,0.283,False,35651106,Critical role of CD28 in protective immunity against Salmonella typhimurium.,hamper inadequ compromis sleep surveil
Do omega-3 fatty acids reduce the risk of heart attack?,1,"Yes, omega‑3 fatty acids can lower the risk of heart attack.",UNVERIFIED,24.619,0.487,False,24269361,"Atopy risk in infants and children in relation to early exposure to fish, oily fish, or long-chain omega-3 fatty acids: a systematic review.",ye attack heart lower
Do omega-3 fatty acids reduce the risk of heart attack?,1,the magnitude depends on dose and formulation.,UNVERIFIED,12.369,0.687,False,45153864,Olanzapine depot exposure in male rats: Dose-dependent lipogenic effects without concomitant weight gain.,magnitud
Do omega-3 fatty acids reduce the risk of heart attack?,2,"In the GISSI‑Prevenzione trial, 1 g/day of EPA/DHA reduced the combined endpoint of cardiovascular death, non‑fatal MI.",UNVERIFIED,23.618,0.233,False,25974070,Dietary saturated and unsaturated fats as determinants of blood pressure and vascular function.,gissi prevenzion endpoint mi fatal
Do omega-3 fatty acids reduce the risk of heart attack?,2,stroke by about 20 % over 3.5 years.,HALLUCINATED,11.896,0.779,True,21571708,"Lipoprotein(a) concentration and the risk of coronary heart disease, stroke, and nonvascular mortality.",20
Do omega-3 fatty acids reduce the risk of heart attack?,3,A 2012 meta‑analysis of 20 randomized trials found an 8 % relative risk reduction in coronary heart disease events with 0.8–1 g/day of marine omega‑3s.,UNVERIFIED,28.716,0.324,False,11705328,Randomized trial of folic acid supplementation and serum homocysteine levels.,3s marin omega 2012 coronari
Do omega-3 fatty acids reduce the risk of heart attack?,4,More recent data show a dose‑response.,UNVERIFIED,10.416,0.768,False,5289038,Partitioning regulatory mechanisms of within-host malaria dynamics using the effective propagation number.,recent
Do omega-3 fatty acids reduce the risk of heart attack?,4,the REDUCE‑IT trial using 4 g/day of icosapent ethyl (pure EPA) cut major adverse cardiovascular events by 25 %.,UNVERIFIED,19.63,0.275,False,15648443,Long-term effect of aspirin on cancer risk in carriers of hereditary colorectal cancer: an analysis from the CAPP2 randomised controlled trial,icosap epa ethyl cut pure
Do omega-3 fatty acids reduce the risk of heart attack?,4,the VITAL trial using 1 g/day of mixed EPA/DHA found no significant reduction in myocardial infarction.,UNVERIFIED,19.613,0.317,False,22505190,"Toll-like receptor 4 gene Asp299Gly polymorphism in myocardial infarction: a meta-analysis of 15,148 subjects.",epa dha vital mix reduct
Do omega-3 fatty acids reduce the risk of heart attack?,5,"Thus, high‑dose EPA, especially in patients with elevated triglycerides or established disease, consistently reduces heart‑attack risk.",UNVERIFIED,23.696,0.416,False,16252863,Preventing coronary heart disease: B vitamins and homocysteine.,epa attack triglycerid especi dose
Do omega-3 fatty acids reduce the risk of heart attack?,5,lower‑dose fish‑oil supplements confer a modest benefit at best.,UNVERIFIED,28.06,0.487,False,24269361,"Atopy risk in infants and children in relation to early exposure to fish, oily fish, or long-chain omega-3 fatty acids: a systematic review.",modest best confer dose lower
How does insulin resistance develop?,1,"Insulin resistance begins when chronic excess nutrients, especially free fatty acids from visceral adipose tissue, overwhelm skeletal‑muscle and hepatic insulin signaling pathways, leading to serine phosphorylation of the insulin‑receptor substrate and reduced GLUT‑4 translocation.",HALLUCINATED,50.773,0.297,False,5108807,CNTF reverses obesity-induced insulin resistance by activating skeletal muscle AMPK,glut overwhelm viscer begin serin
How does insulin resistance develop?,2,"In obese individuals, a 10 % increase in visceral fat is associated with a 15–20 % rise in HOMA‑IR scores.",UNVERIFIED,27.138,0.444,False,31564409,Acylated and desacyl ghrelin stimulate lipid accumulation in human visceral adipocytes,ir rise fat score 15
How does insulin resistance develop?,2,a meta‑analysis of 45 cohort studies found that people with a waist circumference >102 cm (men) or >88 cm (women) have a 2.3‑fold higher odds of developing insulin resistance.,UNVERIFIED,44.263,0.493,False,75636923,Prevalence of the Metabolic Syndrome Among Us Adults: Findings From the Third National Health and Nutrition Examination Survey,2.3 45 odd peopl fold
How does insulin resistance develop?,3,"Pro‑inflammatory cytokines such as TNF‑α and IL‑6, released by hypertrophic adipocytes and infiltrating macrophages, activate JNK and IKKβ pathways that further impair insulin signaling, a mechanism confirmed in a 2018 randomized trial where anti‑TNF therapy lowered HOMA‑IR by 0.8 units in pre‑diabetic subjects.",UNVERIFIED,43.053,0.24,False,31001322,Local and systemic insulin resistance resulting from hepatic activation of IKK-beta and NF-kappaB.,homa 2018 hypertroph 0.8 jnk
How does insulin resistance develop?,4,"Mitochondrial dysfunction and accumulation of lipid intermediates (diacylglycerol, ceramides) in muscle cells also blunt insulin action, as shown by a 2021 muscle‑biopsy study where a 30 % increase in intramyocellular ceramide correlated with a 0.5‑unit rise in fasting insulin.",UNVERIFIED,31.734,0.257,False,38025907,Engineered FGF19 eliminates bile acid toxicity and lipotoxicity leading to resolution of steatohepatitis and fibrosis in mice,2021 intramyocellular blunt 0.5 biopsi
How does insulin resistance develop?,5,Genetic predisposition amplifies these effects.,UNVERIFIED,12.058,0.667,False,4414547,Mosaic PPM1D mutations are associated with predisposition to breast and ovarian cancer,amplifi
How does insulin resistance develop?,5,"carriers of the PPARG Pro12Ala variant have a 1.5‑fold increased risk of insulin resistance when combined with a high‑fat diet, illustrating how lifestyle and genetics converge to drive the condition.",UNVERIFIED,27.121,0.215,False,52805891,Gut Microbiota Is a Key Modulator of Insulin Resistance in TLR 2 Knockout Mice,pro12ala pparg converg illustr 1.5
What role does inflammation play in atherosclerosis?,1,"Inflammation drives every stage of atherosclerosis, beginning with endothelial activation that up‑regulates adhesion molecules such as VCAM‑1 and recruits monocytes to the arterial intima.",UNVERIFIED,29.254,0.369,False,22889972,Disruption of tumor necrosis factor-alpha gene diminishes the development of atherosclerosis in ApoE-deficient mice.,intima begin everi drive arteri
What role does inflammation play in atherosclerosis?,2,"Once inside the wall, monocytes differentiate into macrophages that ingest oxidized LDL, become foam cells.",UNVERIFIED,32.586,0.427,False,9814332,LDL inhibits the mediation of cholesterol efflux from macrophage foam cells by apoA-I-containing lipoproteins. A putative mechanism for foam cell formation.,insid ingest wall monocyt oxid
What role does inflammation play in atherosclerosis?,2,secrete cytokines that amplify local inflammation and promote smooth‑muscle‑cell migration.,UNVERIFIED,20.445,0.51,False,52865789,Deficiency of Interleukin-15 Confers Resistance to Obesity by Diminishing Inflammation and Enhancing the Thermogenic Function of Adipose Tissues,amplifi smooth migrat local
What role does inflammation play in atherosclerosis?,3,"Clinical evidence came from the CANTOS trial, where canakinumab lowered high‑sensitivity CRP by 37 % and reduced major cardiovascular events by 15 % without changing lipid levels.",UNVERIFIED,29.374,0.291,False,5698494,The benefits of statins in people without established cardiovascular disease but with cardiovascular risk factors: meta-analysis of randomised controlled trials,canto canakinumab came crp 37
What role does inflammation play in atherosclerosis?,4,"Parallel imaging studies have shown that arterial wall ^18F‑FDG uptake, a marker of inflammation, predicts plaque rupture independently of plaque size.",HALLUCINATED,34.46,0.324,False,2587396,Association of Blood Monocyte and Platelet Markers with Carotid Artery Characteristics: The Atherosclerosis Risk in Communities Carotid MRI Study,18f fdg ruptur parallel uptak
What role does inflammation play in atherosclerosis?,5,"Together, these data confirm that targeting inflammatory pathways can modify atherosclerotic risk beyond traditional lipid‑lowering strategies.",HALLUCINATED,18.074,0.341,False,21557614,Pleiotropic effects of statins.,tradit modifi togeth confirm strategi
