question,sentence,verdict,bm25,coverage,doc_id
Does vitamin D supplementation reduce the risk of cancer?,Large randomized trials and meta‑analyses suggest that vitamin D supplementation modestly lowers cancer mortality but does not consistently reduce overall cancer incidence.,UNVERIFIED,37.948,0.415,12009265
Does vitamin D supplementation reduce the risk of cancer?,"In the VITAL trial (2 000 IU/day for a median of 5.3 years, 25 800 participants) the hazard ratio for death from cancer was 0.88 (95 % CI 0.75–1.03) compared with placebo, while the incidence of new cancers was unchanged (HR 1.02).",HALLUCINATED,48.797,0.342,12009265
Does vitamin D supplementation reduce the risk of cancer?,"A 2019 meta‑analysis of 25 primary‑prevention RCTs (average dose ≈ 1 800 IU/day, 84 000 participants) reported a relative risk of 0.96 (95 % CI 0.90–1.02) for total cancer incidence and 0.84 (95 % CI 0.71–0.99) for cancer mortality.",HALLUCINATED,54.61,0.29,16322674
Does vitamin D supplementation reduce the risk of cancer?,"Observational studies have shown inverse associations between serum 25‑hydroxy‑vitamin D levels and certain cancers, but the trial data indicate that supplementation alone yields only a small, if any, protective effect, primarily on fatal outcomes rather than on preventing disease onset.",HALLUCINATED,36.374,0.288,2425364
How does obesity affect the risk of type 2 diabetes?,"Obesity is one of the strongest modifiable risk factors for type 2 diabetes, with most large cohort studies showing that people with a body‑mass index (BMI) ≥30 kg/m² are 3–7 times more likely to develop the disease than those with a normal BMI.",HALLUCINATED,49.261,0.43,4828631
How does obesity affect the risk of type 2 diabetes?,A meta‑analysis of 21 prospective studies found that each 5‑unit increase in BMI raises diabetes risk by about 30 % and that a 10‑cm rise in waist circumference adds roughly a 20 % risk increment.,HALLUCINATED,35.474,0.347,13831842
How does obesity affect the risk of type 2 diabetes?,"The Nurses’ Health Study reported a 62 % incidence of diabetes among obese women over 20 years, compared with 7 % in women of normal weight.",HALLUCINATED,40.08,0.585,32534305
How does obesity affect the risk of type 2 diabetes?,"Mechanistically, excess adipose tissue promotes insulin resistance through chronic inflammation, elevated free fatty acids, and altered adipokine secretion.",SUPPORTED,51.122,0.655,5268462
How does obesity affect the risk of type 2 diabetes?,"Importantly, modest weight loss can reverse much of this risk: a 5 % reduction in body weight lowers incident diabetes by about 58 % in high‑risk adults, as demonstrated in the Diabetes Prevention Program.",HALLUCINATED,45.617,0.355,8708082
What is the role of BRCA1 mutations in breast cancer?,"BRCA1 mutations dramatically increase breast‑cancer risk by impairing homologous‑recombination DNA repair, leading to genomic instability.",UNVERIFIED,31.075,0.487,21793890
What is the role of BRCA1 mutations in breast cancer?,"Women who carry a pathogenic BRCA1 variant have a 55‑65 % lifetime risk of developing breast cancer, compared with about 12 % in the general population, and the disease often appears before age 40.",HALLUCINATED,35.44,0.38,9394119
What is the role of BRCA1 mutations in breast cancer?,"Tumors in BRCA1 carriers are disproportionately triple‑negative (lacking ER, PR, and HER2), accounting for roughly 70 % of their cancers in large cohort studies such as the 2014 CIMBA analysis of 12,000 carriers.",HALLUCINATED,47.502,0.338,22482820
What is the role of BRCA1 mutations in breast cancer?,The same defect makes these cancers highly sensitive to PARP inhibitors; the OlympiAD trial showed a 31 % reduction in progression‑free survival for olaparib versus standard chemotherapy in BRCA‑mutated metastatic cases.,HALLUCINATED,27.496,0.288,15476777
What is the role of BRCA1 mutations in breast cancer?,"Consequently, BRCA1 status guides both risk‑reduction strategies (e.g., prophylactic mastectomy, intensified screening) and targeted therapy choices.",HALLUCINATED,25.968,0.301,33118292
Does aspirin prevent cardiovascular disease?,"Low‑dose aspirin (75–100 mg daily) reliably reduces recurrent cardiovascular events in people who have already had a myocardial infarction or stroke, cutting the relative risk of non‑fatal MI by about 10–15 % and cardiovascular death by roughly 8 % in secondary‑prevention trials such as the Antithrombotic Trialists’ Collaboration meta‑analysis (≈1 % absolute risk reduction over 5 years).",HALLUCINATED,49.237,0.213,25451374
Does aspirin prevent cardiovascular disease?,In primary‑prevention populations the benefit is far smaller; the ASPREE trial in adults ≥70 years showed no reduction in cardiovascular events (hazard ratio 0.95) but a 0.7 % absolute increase in major hemorrhage over a median 4.7 years.,HALLUCINATED,34.661,0.312,35495268
Does aspirin prevent cardiovascular disease?,"The ARRIVE (average risk) and ASCEND (diabetes) trials similarly found only a 0.3–0.5 % absolute reduction in major cardiovascular events, offset by a 0.3–0.4 % rise in gastrointestinal or intracranial bleeding.",HALLUCINATED,27.945,0.242,23783727
Does aspirin prevent cardiovascular disease?,"Consequently, current guidelines recommend low‑dose aspirin for secondary prevention but reserve primary‑prevention use for selected high‑risk patients without elevated bleeding risk.",UNVERIFIED,36.629,0.351,409280
How does smoking affect lung cancer risk?,"Smoking is the dominant cause of lung cancer, accounting for about 85 % of all cases worldwide.",SUPPORTED,28.615,0.593,26067999
How does smoking affect lung cancer risk?,Epidemiological studies such as the U.S.,UNVERIFIED,12.72,0.675,74701974
How does smoking affect lung cancer risk?,"Surgeon General report and the British Doctors’ Study show that smokers have a 20‑ to 30‑fold higher risk of developing lung cancer than never‑smokers, with risk rising sharply after 20 pack‑years (≈15‑fold) and exceeding 30‑fold after 40 pack‑years.",HALLUCINATED,54.838,0.302,26067999
How does smoking affect lung cancer risk?,"The risk is dose‑dependent: each additional pack per day adds roughly 6 % to the relative risk, and former smokers retain about half the excess risk after 10 years of abstinence, with the risk approaching that of never‑smokers only after 20–30 years of cessation.",HALLUCINATED,54.247,0.249,17124832
How does smoking affect lung cancer risk?,"Moreover, secondhand smoke increases lung‑cancer risk by 20‑30 % in non‑smokers, underscoring the carcinogenic potency of tobacco smoke constituents such as polycyclic aromatic hydrocarbons and nitrosamines.",HALLUCINATED,40.23,0.263,26067999
What causes antibiotic resistance in bacteria?,"Antibiotic resistance arises when bacteria acquire genetic changes—either spontaneous mutations or resistance genes transferred by plasmids, transposons, or bacteriophages—that enable them to survive drug exposure.",HALLUCINATED,32.524,0.312,11336632
What causes antibiotic resistance in bacteria?,"The selective pressure of widespread antibiotic use in human medicine, livestock (where up to 80 % of antibiotics in the U.S. are given to animals), and inappropriate prescribing creates environments where resistant strains outcompete susceptible ones.",HALLUCINATED,39.529,0.265,31460499
What causes antibiotic resistance in bacteria?,"A 2019 CDC report estimated that 2.8 million people in the United States acquire antibiotic‑resistant infections annually, resulting in at least 35 000 deaths, and a European Centre for Disease Prevention and Control study linked a 15 % rise in multidrug‑resistant Gram‑negative infections to increased outpatient antibiotic consumption.",HALLUCINATED,43.156,0.197,36497180
What causes antibiotic resistance in bacteria?,Poor patient adherence to full treatment courses further amplifies resistance by allowing partially suppressed bacteria to evolve survival mechanisms.,HALLUCINATED,20.661,0.286,35087728
What causes antibiotic resistance in bacteria?,"Together, these factors drive the rapid global spread of resistant pathogens, as documented in the WHO’s 2021 Global Antimicrobial Resistance Surveillance System, which found resistance rates exceeding 50 % for several common pathogens in many regions.",HALLUCINATED,37.654,0.185,4695107
Is moderate alcohol consumption good for heart health?,"Moderate alcohol intake—typically defined as up to one standard drink per day for women and up to two for men—has been linked in some cohort studies to a 10–20 % lower risk of coronary heart disease, with a 2018 JAMA analysis reporting a 14 % reduction in myocardial infarction for those drinking about 0.5 drinks daily compared with abstainers.",HALLUCINATED,70.261,0.355,20526907
Is moderate alcohol consumption good for heart health?,"However, more recent meta‑analyses that adjust for former‑drinker bias and socioeconomic factors (e.g., a 2022 Lancet review of 84 studies) find that the apparent cardioprotective effect disappears, and any level of alcohol is associated with a modest increase in overall cardiovascular mortality.",HALLUCINATED,30.557,0.285,52072815
Is moderate alcohol consumption good for heart health?,Even low‑level consumption raises the risk of atrial fibrillation by roughly 8 % per drink per day and contributes to higher blood pressure and stroke risk.,HALLUCINATED,36.182,0.302,9822397
Is moderate alcohol consumption good for heart health?,"The World Health Organization’s 2021 Global Burden of Disease report estimates that alcohol accounts for 2.8 % of all deaths worldwide, with no safe threshold identified for cancer risk.",HALLUCINATED,38.853,0.394,52072815
Is moderate alcohol consumption good for heart health?,"Consequently, while some observational data suggest a slight coronary benefit, the totality of evidence does not support recommending alcohol for heart health.",HALLUCINATED,20.28,0.324,21557614
How do statins affect cholesterol and mortality?,"Statins lower low‑density lipoprotein cholesterol (LDL‑C) by roughly 20 % to 50 % depending on dose, with each 1 mmol/L (≈38 mg/dL) reduction translating into about a 20 % relative drop in major vascular events.",HALLUCINATED,50.49,0.34,30981192
How do statins affect cholesterol and mortality?,"In the Scandinavian Simvastatin Survival Study (4S), simvastatin cut coronary‑heart‑disease mortality by 30 % and total mortality by 15 % over a median 5‑year follow‑up in patients with established disease.",HALLUCINATED,32.327,0.277,7640792
How do statins affect cholesterol and mortality?,"The Heart Protection Study, which enrolled over 20 000 high‑risk participants, showed a 13 % relative reduction in major vascular events and a 7 % reduction in all‑cause death with simvastatin 40 mg.",HALLUCINATED,27.089,0.304,43629704
How do statins affect cholesterol and mortality?,"In primary‑prevention cohorts, the JUPITER trial found rosuvastatin 20 mg reduced all‑cause mortality by 20 % (hazard ratio 0.80) among individuals with elevated C‑reactive protein but normal LDL‑C.",HALLUCINATED,46.499,0.435,21048969
How do statins affect cholesterol and mortality?,Meta‑analyses of >170 000 participants confirm that statin therapy yields an absolute mortality benefit of roughly 1–2 deaths per 1 000 person‑years in secondary prevention and about 0.5 per 1 000 person‑years in primary prevention.,HALLUCINATED,46.112,0.223,14682243
What is the link between gut microbiota and obesity?,"Research shows that obese people typically have a higher Firmicutes‑to‑Bacteroidetes ratio—about a 20 % increase in Firmicutes relative to lean controls—and lower overall microbial diversity, a pattern confirmed in a 2020 meta‑analysis of over 1,200 subjects.",HALLUCINATED,35.311,0.254,52805891
What is the link between gut microbiota and obesity?,"In germ‑free mice, fecal transplants from obese donors caused a 30 % greater weight gain than transplants from lean donors, demonstrating that the microbiota can directly influence energy harvest (Turnbaugh et al., Nature 2006).",HALLUCINATED,36.456,0.132,33684572
What is the link between gut microbiota and obesity?,"Metabolically, the altered community produces more short‑chain fatty acids, especially acetate and propionate, which can increase caloric extraction by up to 10 % and stimulate lipogenesis via hepatic receptors.",HALLUCINATED,31.183,0.309,20148808
What is the link between gut microbiota and obesity?,"Low abundance of the mucin‑degrading bacterium Akkermansia muciniphila correlates with higher BMI, and a 2021 randomized trial showed that daily supplementation of A. muciniphila for 12 weeks reduced body weight by ~2 % and improved insulin sensitivity.",HALLUCINATED,27.41,0.272,3770750
What is the link between gut microbiota and obesity?,"These findings link gut microbiota composition and function to obesity through enhanced energy extraction, altered host metabolism, and inflammation.",UNVERIFIED,35.235,0.511,41120293
Does physical exercise reduce the risk of dementia?,"Yes, regular physical exercise is associated with a lower risk of dementia.",UNVERIFIED,21.469,0.495,21274919
Does physical exercise reduce the risk of dementia?,"A 2022 meta‑analysis of 31 prospective cohort studies found that people who engaged in moderate‑intensity aerobic activity for at least 150 minutes per week had a 30 % reduced incidence of all‑cause dementia compared with sedentary peers (RR 0.70, 95 % CI 0.62–0.79).",HALLUCINATED,42.022,0.319,6647414
Does physical exercise reduce the risk of dementia?,Randomized trials such as the Finnish FINGER study showed that a 12‑month multimodal intervention including 2‑3 weekly exercise sessions improved global cognition by 0.2 SD and slowed hippocampal atrophy by about 1.5 % relative to controls.,HALLUCINATED,35.385,0.294,15041758
Does physical exercise reduce the risk of dementia?,"Even modest activity, like brisk walking for 30 minutes daily, has been linked to a 19 % lower risk of Alzheimer’s disease in the UK Biobank cohort (HR 0.81, 95 % CI 0.73–0.90).",HALLUCINATED,31.242,0.247,44624045
Does physical exercise reduce the risk of dementia?,"The protective effect appears dose‑responsive, with each additional 10 MET‑hours per week of activity conferring roughly a 5 % risk reduction.",UNVERIFIED,23.953,0.507,6647414
How does HIV infect T cells?,"HIV infects CD4⁺ T cells by first attaching its envelope glycoprotein gp120 to the CD4 receptor, then engaging a coreceptor—usually CCR5 in early infection and CXCR4 later—allowing the gp41 fusion peptide to merge viral and cellular membranes (Dalgleish et al., 1997).",HALLUCINATED,64.261,0.435,8883846
How does HIV infect T cells?,"Within minutes of entry, each virion releases two RNA genomes that are reverse‑transcribed into a single‑strand DNA by reverse transcriptase, a process that takes roughly 6–8 hours and requires about 10–100 virions to establish a productive infection (Zhou et al., 1996).",HALLUCINATED,48.366,0.27,14376683
How does HIV infect T cells?,"The newly synthesized viral DNA is then imported into the nucleus and integrated into the host genome by integrase, typically within 24 hours of entry, creating a provirus that can drive continuous viral production.",HALLUCINATED,35.962,0.258,2638387
How does HIV infect T cells?,"In vivo, plasma viral loads peak at 10⁴–10⁷ copies ml⁻¹ during acute infection, corresponding to infection of roughly 1–2 % of circulating CD4⁺ T cells per day (Fauci et al., 1999).",HALLUCINATED,55.784,0.402,42065070
How does HIV infect T cells?,"Individuals homozygous for the CCR5Δ32 deletion are essentially resistant to CCR5‑tropic strains, confirming the essential role of this coreceptor in the early stages of T‑cell infection.",HALLUCINATED,35.671,0.364,8563659
What is the effect of sleep deprivation on the immune system?,"Sleep deprivation impairs both innate and adaptive immunity, reducing the activity of natural‑killer cells by up to 40 % after just one night of 4 h sleep and lowering cytokine production such as interleukin‑2 and interferon‑γ (Bryant et al., 2004).",HALLUCINATED,35.27,0.255,2506153
What is the effect of sleep deprivation on the immune system?,"Chronic restriction to 5–6 h per night for two weeks decreases vaccine‑induced antibody titers by roughly 20 % compared with 8 h sleepers (Cohen et al., 2009).",HALLUCINATED,27.532,0.209,116792
What is the effect of sleep deprivation on the immune system?,"Short‑term sleep loss also raises circulating C‑reactive protein and cortisol, creating a pro‑inflammatory state that can exacerbate infection risk.",HALLUCINATED,24.196,0.308,29564505
What is the effect of sleep deprivation on the immune system?,"In shift‑workers, epidemiologic data show a 1.3‑fold higher incidence of common colds and a 1.5‑fold increase in respiratory infections (Patel et al., 2012).",HALLUCINATED,22.601,0.227,6993046
What is the effect of sleep deprivation on the immune system?,"Together, these findings demonstrate that inadequate sleep compromises immune surveillance and hampers the body’s ability to mount effective responses to pathogens.",HALLUCINATED,23.263,0.283,35651106
Do omega-3 fatty acids reduce the risk of heart attack?,"Yes, omega‑3 fatty acids can lower the risk of heart attack, but the magnitude depends on dose and formulation.",HALLUCINATED,24.62,0.333,24269361
Do omega-3 fatty acids reduce the risk of heart attack?,"In the GISSI‑Prevenzione trial (1999), 1 g/day of EPA/DHA reduced the combined endpoint of cardiovascular death, non‑fatal MI, and stroke by about 20 % (relative risk 0.80) over 3.5 years.",HALLUCINATED,28.2,0.216,6945285
Do omega-3 fatty acids reduce the risk of heart attack?,"A 2012 meta‑analysis of 20 randomized trials found an 8 % relative risk reduction in coronary heart disease events with 0.8–1 g/day of marine omega‑3s (RR 0.92, 95 % CI 0.86–0.99).",HALLUCINATED,43.473,0.352,26000593
Do omega-3 fatty acids reduce the risk of heart attack?,"More recent data show a dose‑response: the REDUCE‑IT trial (2019) using 4 g/day of icosapent ethyl (pure EPA) cut major adverse cardiovascular events by 25 % (HR 0.75), whereas the VITAL trial (2018) using 1 g/day of mixed EPA/DHA found no significant reduction in myocardial infarction (HR 0.93, p = 0.31).",HALLUCINATED,42.807,0.214,22505190
Do omega-3 fatty acids reduce the risk of heart attack?,"Thus, high‑dose EPA, especially in patients with elevated triglycerides or established disease, consistently reduces heart‑attack risk, while lower‑dose fish‑oil supplements confer a modest benefit at best.",HALLUCINATED,35.801,0.29,24269361
How does insulin resistance develop?,"Insulin resistance begins when chronic excess nutrients, especially free fatty acids from visceral adipose tissue, overwhelm skeletal‑muscle and hepatic insulin signaling pathways, leading to serine phosphorylation of the insulin‑receptor substrate and reduced GLUT‑4 translocation.",HALLUCINATED,50.777,0.297,5108807
How does insulin resistance develop?,"In obese individuals, a 10 % increase in visceral fat is associated with a 15–20 % rise in HOMA‑IR scores, and a meta‑analysis of 45 cohort studies found that people with a waist circumference >102 cm (men) or >88 cm (women) have a 2.3‑fold higher odds of developing insulin resistance (p < 0.001).",HALLUCINATED,54.542,0.391,11201004
How does insulin resistance develop?,"Pro‑inflammatory cytokines such as TNF‑α and IL‑6, released by hypertrophic adipocytes and infiltrating macrophages, activate JNK and IKKβ pathways that further impair insulin signaling, a mechanism confirmed in a 2018 randomized trial where anti‑TNF therapy lowered HOMA‑IR by 0.8 units in pre‑diabetic subjects.",HALLUCINATED,43.056,0.24,31001322
How does insulin resistance develop?,"Mitochondrial dysfunction and accumulation of lipid intermediates (diacylglycerol, ceramides) in muscle cells also blunt insulin action, as shown by a 2021 muscle‑biopsy study where a 30 % increase in intramyocellular ceramide correlated with a 0.5‑unit rise in fasting insulin.",HALLUCINATED,31.738,0.257,38025907
How does insulin resistance develop?,"Genetic predisposition amplifies these effects; carriers of the PPARG Pro12Ala variant have a 1.5‑fold increased risk of insulin resistance when combined with a high‑fat diet, illustrating how lifestyle and genetics converge to drive the condition.",HALLUCINATED,28.291,0.248,6327940
What role does inflammation play in atherosclerosis?,"Inflammation drives every stage of atherosclerosis, beginning with endothelial activation that up‑regulates adhesion molecules such as VCAM‑1 and recruits monocytes to the arterial intima.",UNVERIFIED,29.258,0.369,22889972
What role does inflammation play in atherosclerosis?,"Once inside the wall, monocytes differentiate into macrophages that ingest oxidized LDL, become foam cells, and secrete cytokines (IL‑1β, TNF‑α) that amplify local inflammation and promote smooth‑muscle‑cell migration.",HALLUCINATED,35.65,0.315,22889972
What role does inflammation play in atherosclerosis?,"Clinical evidence came from the CANTOS trial, where canakinumab (an IL‑1β antibody) lowered high‑sensitivity CRP by 37 % and reduced major cardiovascular events by 15 % without changing lipid levels.",HALLUCINATED,29.376,0.262,5698494
What role does inflammation play in atherosclerosis?,"Parallel imaging studies have shown that arterial wall ^18F‑FDG uptake, a marker of inflammation, predicts plaque rupture independently of plaque size.",HALLUCINATED,34.462,0.324,2587396
What role does inflammation play in atherosclerosis?,"Together, these data confirm that targeting inflammatory pathways can modify atherosclerotic risk beyond traditional lipid‑lowering strategies.",HALLUCINATED,18.076,0.341,21557614
