SUPPORT_COVERAGE,precision,recall,F1
0.3,0.4317343173431734,0.9435483870967742,0.5924050632911393
0.35,0.4448669201520912,0.9435483870967742,0.6046511627906976
0.4,0.4715447154471545,0.9354838709677419,0.6270270270270271
0.45,0.497737556561086,0.8870967741935484,0.6376811594202898
0.5,0.5172413793103449,0.8467741935483871,0.6422018348623854
0.55,0.5795454545454546,0.8225806451612904,0.68
0.6,0.5961538461538461,0.75,0.6642857142857141
0.65,0.6222222222222222,0.6774193548387096,0.6486486486486487
0.7,0.638095238095238,0.5403225806451613,0.5851528384279475
0.75,0.6588235294117647,0.45161290322580644,0.5358851674641149
0.8,0.6666666666666666,0.3387096774193548,0.44919786096256675
0.85,0.7333333333333333,0.2661290322580645,0.39053254437869817
0.9,0.7741935483870968,0.1935483870967742,0.30967741935483867
0.95,0.9,0.14516129032258066,0.25
